{
  "animation_speed": 500,
  "curve_points": [
    [
      0.3690918,
      0.6885386
    ]
  ]
}